"","from","to"
"1",4,51
"2",4,66
"3",4,114
"4",4,118
"5",4,119
"6",4,140
"7",4,159
"8",4,165
"9",4,166
"10",4,175
"11",4,177
"12",4,203
"13",4,292
"14",4,362
"15",4,363
"16",4,394
"17",4,403
"18",4,425
"19",4,437
"20",4,467
"21",5,76
"22",5,153
"23",5,187
"24",6,84
"25",6,285
"26",8,129
"27",8,205
"28",8,348
"29",8,398
"30",9,343
"31",10,470
"32",13,171
"33",13,430
"34",14,37
"35",17,226
"36",17,232
"37",18,32
"38",18,344
"39",18,469
"40",21,28
"41",21,64
"42",21,249
"43",24,444
"44",26,349
"45",26,373
"46",26,405
"47",26,417
"48",28,21
"49",28,64
"50",30,132
"51",30,160
"52",30,369
"53",31,169
"54",31,202
"55",31,305
"56",31,379
"57",31,400
"58",31,418
"59",31,463
"60",31,477
"61",32,18
"62",32,229
"63",32,310
"64",32,344
"65",32,410
"66",32,469
"67",33,221
"68",33,234
"69",33,281
"70",33,322
"71",33,393
"72",33,395
"73",33,461
"74",35,93
"75",35,276
"76",35,357
"77",35,378
"78",37,14
"79",43,265
"80",45,113
"81",45,150
"82",45,163
"83",45,168
"84",45,219
"85",45,297
"86",45,316
"87",45,333
"88",45,365
"89",45,384
"90",45,480
"91",48,137
"92",49,218
"93",50,52
"94",50,263
"95",50,284
"96",50,432
"97",50,436
"98",51,4
"99",51,66
"100",51,114
"101",51,118
"102",51,119
"103",51,165
"104",51,175
"105",51,177
"106",51,203
"107",51,292
"108",51,394
"109",51,403
"110",51,425
"111",51,437
"112",51,467
"113",52,50
"114",52,284
"115",52,432
"116",52,436
"117",58,73
"118",58,370
"119",59,107
"120",59,408
"121",60,468
"122",61,69
"123",61,360
"124",61,413
"125",62,68
"126",62,71
"127",62,204
"128",62,304
"129",62,337
"130",64,21
"131",64,28
"132",64,249
"133",66,4
"134",66,51
"135",66,114
"136",66,118
"137",66,119
"138",66,140
"139",66,159
"140",66,165
"141",66,166
"142",66,175
"143",66,177
"144",66,203
"145",66,292
"146",66,362
"147",66,363
"148",66,394
"149",66,403
"150",66,425
"151",66,437
"152",66,467
"153",68,62
"154",68,204
"155",69,61
"156",69,360
"157",69,413
"158",70,181
"159",70,236
"160",70,289
"161",70,381
"162",71,62
"163",71,204
"164",73,58
"165",75,444
"166",76,5
"167",76,148
"168",76,153
"169",76,187
"170",76,210
"171",76,217
"172",76,427
"173",76,428
"174",77,149
"175",77,315
"176",77,335
"177",77,473
"178",80,123
"179",80,146
"180",80,312
"181",80,377
"182",80,453
"183",84,6
"184",84,269
"185",84,285
"186",84,314
"187",87,356
"188",93,35
"189",95,267
"190",95,279
"191",95,293
"192",95,352
"193",102,301
"194",105,133
"195",105,390
"196",105,479
"197",106,262
"198",106,441
"199",107,59
"200",107,271
"201",107,323
"202",107,408
"203",109,209
"204",109,252
"205",109,319
"206",109,346
"207",109,397
"208",109,451
"209",113,45
"210",113,219
"211",113,297
"212",113,333
"213",114,4
"214",114,51
"215",114,66
"216",114,118
"217",114,119
"218",114,140
"219",114,159
"220",114,165
"221",114,166
"222",114,175
"223",114,177
"224",114,203
"225",114,292
"226",114,362
"227",114,363
"228",114,394
"229",114,403
"230",114,425
"231",114,437
"232",114,467
"233",118,4
"234",118,51
"235",118,66
"236",118,114
"237",118,119
"238",118,140
"239",118,159
"240",118,165
"241",118,166
"242",118,175
"243",118,177
"244",118,203
"245",118,292
"246",118,362
"247",118,363
"248",118,394
"249",118,403
"250",118,425
"251",118,437
"252",118,467
"253",119,4
"254",119,51
"255",119,66
"256",119,114
"257",119,118
"258",119,140
"259",119,159
"260",119,165
"261",119,166
"262",119,175
"263",119,177
"264",119,203
"265",119,292
"266",119,362
"267",119,363
"268",119,394
"269",119,403
"270",119,425
"271",119,437
"272",119,467
"273",121,399
"274",123,80
"275",123,146
"276",123,312
"277",123,377
"278",125,226
"279",125,232
"280",129,8
"281",129,205
"282",129,398
"283",132,30
"284",132,160
"285",132,369
"286",133,105
"287",133,479
"288",136,174
"289",136,439
"290",137,48
"291",137,178
"292",139,267
"293",139,279
"294",139,293
"295",139,352
"296",140,4
"297",140,66
"298",140,114
"299",140,118
"300",140,119
"301",140,165
"302",140,175
"303",140,177
"304",140,203
"305",140,292
"306",140,394
"307",140,403
"308",140,425
"309",140,437
"310",140,467
"311",141,167
"312",141,372
"313",141,401
"314",144,348
"315",146,80
"316",146,123
"317",146,453
"318",148,76
"319",148,153
"320",148,187
"321",149,77
"322",149,338
"323",150,45
"324",150,219
"325",150,297
"326",150,333
"327",151,152
"328",151,311
"329",151,330
"330",151,416
"331",152,151
"332",152,311
"333",153,5
"334",153,76
"335",153,148
"336",153,210
"337",153,217
"338",153,427
"339",153,428
"340",155,174
"341",155,439
"342",156,174
"343",156,439
"344",159,4
"345",159,66
"346",159,114
"347",159,118
"348",159,119
"349",159,165
"350",159,175
"351",159,177
"352",159,203
"353",159,292
"354",159,394
"355",159,403
"356",159,425
"357",159,437
"358",159,467
"359",160,30
"360",160,132
"361",160,369
"362",161,237
"363",162,185
"364",163,45
"365",163,219
"366",163,297
"367",163,333
"368",165,4
"369",165,51
"370",165,66
"371",165,114
"372",165,118
"373",165,119
"374",165,140
"375",165,159
"376",165,166
"377",165,175
"378",165,177
"379",165,203
"380",165,292
"381",165,362
"382",165,363
"383",165,394
"384",165,403
"385",165,425
"386",165,437
"387",165,467
"388",166,4
"389",166,66
"390",166,114
"391",166,118
"392",166,119
"393",166,165
"394",166,175
"395",166,177
"396",166,203
"397",166,292
"398",166,394
"399",166,403
"400",166,425
"401",166,437
"402",166,467
"403",167,141
"404",167,372
"405",167,401
"406",168,45
"407",168,219
"408",168,297
"409",168,333
"410",169,31
"411",169,379
"412",169,463
"413",169,477
"414",170,174
"415",170,439
"416",171,13
"417",171,430
"418",174,136
"419",174,155
"420",174,156
"421",174,170
"422",174,300
"423",174,439
"424",175,4
"425",175,51
"426",175,66
"427",175,114
"428",175,118
"429",175,119
"430",175,140
"431",175,159
"432",175,165
"433",175,166
"434",175,177
"435",175,203
"436",175,292
"437",175,362
"438",175,363
"439",175,394
"440",175,403
"441",175,425
"442",175,437
"443",175,467
"444",177,4
"445",177,51
"446",177,66
"447",177,114
"448",177,118
"449",177,119
"450",177,140
"451",177,159
"452",177,165
"453",177,166
"454",177,175
"455",177,203
"456",177,292
"457",177,362
"458",177,363
"459",177,394
"460",177,403
"461",177,425
"462",177,437
"463",177,467
"464",178,137
"465",181,70
"466",181,236
"467",181,289
"468",181,440
"469",183,267
"470",183,279
"471",183,293
"472",183,352
"473",185,162
"474",187,5
"475",187,76
"476",187,148
"477",187,210
"478",187,217
"479",187,427
"480",187,428
"481",189,272
"482",189,412
"483",190,208
"484",190,259
"485",190,331
"486",191,288
"487",197,272
"488",197,412
"489",202,31
"490",202,379
"491",202,463
"492",202,477
"493",203,4
"494",203,51
"495",203,66
"496",203,114
"497",203,118
"498",203,119
"499",203,140
"500",203,159
"501",203,165
"502",203,166
"503",203,175
"504",203,177
"505",203,292
"506",203,362
"507",203,363
"508",203,394
"509",203,403
"510",203,425
"511",203,437
"512",203,467
"513",204,62
"514",204,68
"515",204,71
"516",204,304
"517",204,337
"518",205,8
"519",205,129
"520",205,348
"521",208,190
"522",208,331
"523",209,109
"524",209,252
"525",209,319
"526",209,346
"527",209,397
"528",209,451
"529",210,76
"530",210,153
"531",210,187
"532",217,76
"533",217,153
"534",217,187
"535",218,49
"536",218,329
"537",219,45
"538",219,113
"539",219,150
"540",219,163
"541",219,168
"542",219,297
"543",219,316
"544",219,333
"545",219,365
"546",219,384
"547",219,480
"548",221,33
"549",221,234
"550",221,281
"551",221,302
"552",221,322
"553",221,393
"554",221,395
"555",221,461
"556",226,17
"557",226,125
"558",226,232
"559",229,32
"560",229,344
"561",229,469
"562",232,17
"563",232,125
"564",232,226
"565",234,33
"566",234,221
"567",234,281
"568",234,302
"569",234,393
"570",234,395
"571",236,70
"572",236,181
"573",236,289
"574",236,381
"575",236,440
"576",237,161
"577",249,21
"578",249,64
"579",252,109
"580",252,209
"581",252,319
"582",252,346
"583",252,397
"584",252,451
"585",259,190
"586",259,331
"587",262,106
"588",263,50
"589",263,284
"590",263,432
"591",263,436
"592",265,43
"593",267,95
"594",267,139
"595",267,183
"596",267,279
"597",267,476
"598",269,84
"599",269,285
"600",271,107
"601",271,408
"602",272,189
"603",272,197
"604",272,280
"605",272,412
"606",272,462
"607",276,35
"608",279,95
"609",279,139
"610",279,183
"611",279,267
"612",279,293
"613",279,352
"614",279,476
"615",280,272
"616",281,33
"617",281,221
"618",281,234
"619",281,302
"620",281,322
"621",281,328
"622",281,393
"623",281,395
"624",281,461
"625",283,470
"626",284,50
"627",284,52
"628",284,263
"629",284,432
"630",284,436
"631",285,6
"632",285,84
"633",285,269
"634",285,314
"635",288,191
"636",289,70
"637",289,181
"638",289,236
"639",289,381
"640",289,440
"641",292,4
"642",292,51
"643",292,66
"644",292,114
"645",292,118
"646",292,119
"647",292,140
"648",292,159
"649",292,165
"650",292,166
"651",292,175
"652",292,177
"653",292,203
"654",292,362
"655",292,363
"656",292,394
"657",292,403
"658",292,425
"659",292,437
"660",292,467
"661",293,95
"662",293,139
"663",293,183
"664",293,279
"665",293,476
"666",297,45
"667",297,113
"668",297,150
"669",297,163
"670",297,168
"671",297,219
"672",297,316
"673",297,333
"674",297,365
"675",297,384
"676",297,480
"677",300,174
"678",300,439
"679",301,102
"680",302,221
"681",302,234
"682",302,281
"683",302,322
"684",302,395
"685",302,461
"686",304,62
"687",304,204
"688",305,31
"689",305,379
"690",305,463
"691",305,477
"692",306,307
"693",306,453
"694",307,306
"695",310,32
"696",310,344
"697",310,469
"698",311,151
"699",311,152
"700",311,330
"701",311,416
"702",312,80
"703",312,123
"704",312,453
"705",314,84
"706",314,285
"707",315,77
"708",315,338
"709",315,473
"710",316,45
"711",316,219
"712",316,297
"713",316,333
"714",319,109
"715",319,209
"716",319,252
"717",319,346
"718",319,397
"719",319,451
"720",320,349
"721",320,373
"722",320,405
"723",320,417
"724",322,33
"725",322,221
"726",322,281
"727",322,302
"728",322,393
"729",322,395
"730",323,107
"731",323,408
"732",328,281
"733",329,218
"734",330,151
"735",330,311
"736",331,190
"737",331,208
"738",331,259
"739",333,45
"740",333,113
"741",333,150
"742",333,163
"743",333,168
"744",333,219
"745",333,297
"746",333,316
"747",333,365
"748",333,384
"749",333,480
"750",335,77
"751",335,338
"752",337,62
"753",337,204
"754",338,149
"755",338,315
"756",338,335
"757",338,473
"758",343,9
"759",344,18
"760",344,32
"761",344,229
"762",344,310
"763",344,410
"764",346,109
"765",346,209
"766",346,252
"767",346,319
"768",346,451
"769",348,8
"770",348,144
"771",348,205
"772",348,398
"773",349,26
"774",349,320
"775",349,373
"776",349,405
"777",352,95
"778",352,139
"779",352,183
"780",352,279
"781",352,476
"782",355,470
"783",356,87
"784",357,35
"785",360,61
"786",360,69
"787",360,413
"788",362,4
"789",362,66
"790",362,114
"791",362,118
"792",362,119
"793",362,165
"794",362,175
"795",362,177
"796",362,203
"797",362,292
"798",362,394
"799",362,403
"800",362,425
"801",362,437
"802",362,467
"803",363,4
"804",363,66
"805",363,114
"806",363,118
"807",363,119
"808",363,165
"809",363,175
"810",363,177
"811",363,203
"812",363,292
"813",363,394
"814",363,403
"815",363,425
"816",363,437
"817",363,467
"818",365,45
"819",365,219
"820",365,297
"821",365,333
"822",369,30
"823",369,132
"824",369,160
"825",370,58
"826",372,141
"827",372,167
"828",373,26
"829",373,320
"830",373,349
"831",373,405
"832",373,417
"833",377,80
"834",377,123
"835",377,453
"836",378,35
"837",379,31
"838",379,169
"839",379,202
"840",379,305
"841",379,400
"842",379,418
"843",379,463
"844",379,477
"845",381,70
"846",381,236
"847",381,289
"848",381,440
"849",384,45
"850",384,219
"851",384,297
"852",384,333
"853",386,387
"854",386,389
"855",387,386
"856",387,389
"857",389,386
"858",389,387
"859",390,105
"860",390,479
"861",393,33
"862",393,221
"863",393,234
"864",393,281
"865",393,322
"866",393,395
"867",393,461
"868",394,4
"869",394,51
"870",394,66
"871",394,114
"872",394,118
"873",394,119
"874",394,140
"875",394,159
"876",394,165
"877",394,166
"878",394,175
"879",394,177
"880",394,203
"881",394,292
"882",394,362
"883",394,363
"884",394,403
"885",394,425
"886",394,437
"887",394,467
"888",395,33
"889",395,221
"890",395,234
"891",395,281
"892",395,302
"893",395,322
"894",395,393
"895",395,461
"896",397,109
"897",397,209
"898",397,252
"899",397,319
"900",397,451
"901",398,8
"902",398,129
"903",398,348
"904",399,121
"905",400,31
"906",400,379
"907",400,463
"908",400,477
"909",401,141
"910",401,167
"911",403,4
"912",403,51
"913",403,66
"914",403,114
"915",403,118
"916",403,119
"917",403,140
"918",403,159
"919",403,165
"920",403,166
"921",403,175
"922",403,177
"923",403,203
"924",403,292
"925",403,362
"926",403,363
"927",403,394
"928",403,425
"929",403,437
"930",403,467
"931",405,26
"932",405,320
"933",405,349
"934",405,373
"935",405,417
"936",408,59
"937",408,107
"938",408,271
"939",408,323
"940",410,32
"941",410,344
"942",410,469
"943",412,189
"944",412,197
"945",412,272
"946",412,462
"947",413,61
"948",413,69
"949",413,360
"950",416,151
"951",416,311
"952",417,26
"953",417,320
"954",417,373
"955",417,405
"956",418,31
"957",418,379
"958",418,463
"959",418,477
"960",425,4
"961",425,51
"962",425,66
"963",425,114
"964",425,118
"965",425,119
"966",425,140
"967",425,159
"968",425,165
"969",425,166
"970",425,175
"971",425,177
"972",425,203
"973",425,292
"974",425,362
"975",425,363
"976",425,394
"977",425,403
"978",425,437
"979",425,467
"980",427,76
"981",427,153
"982",427,187
"983",428,76
"984",428,153
"985",428,187
"986",430,13
"987",430,171
"988",432,50
"989",432,52
"990",432,263
"991",432,284
"992",432,436
"993",436,50
"994",436,52
"995",436,263
"996",436,284
"997",436,432
"998",437,4
"999",437,51
"1000",437,66
"1001",437,114
"1002",437,118
"1003",437,119
"1004",437,140
"1005",437,159
"1006",437,165
"1007",437,166
"1008",437,175
"1009",437,177
"1010",437,203
"1011",437,292
"1012",437,362
"1013",437,363
"1014",437,394
"1015",437,403
"1016",437,425
"1017",437,467
"1018",439,136
"1019",439,155
"1020",439,156
"1021",439,170
"1022",439,174
"1023",439,300
"1024",440,181
"1025",440,236
"1026",440,289
"1027",440,381
"1028",441,106
"1029",444,24
"1030",444,75
"1031",450,466
"1032",451,109
"1033",451,209
"1034",451,252
"1035",451,319
"1036",451,346
"1037",451,397
"1038",453,80
"1039",453,146
"1040",453,306
"1041",453,312
"1042",453,377
"1043",461,33
"1044",461,221
"1045",461,281
"1046",461,302
"1047",461,393
"1048",461,395
"1049",462,272
"1050",462,412
"1051",463,31
"1052",463,169
"1053",463,202
"1054",463,305
"1055",463,379
"1056",463,400
"1057",463,418
"1058",463,477
"1059",466,450
"1060",467,4
"1061",467,51
"1062",467,66
"1063",467,114
"1064",467,118
"1065",467,119
"1066",467,140
"1067",467,159
"1068",467,165
"1069",467,166
"1070",467,175
"1071",467,177
"1072",467,203
"1073",467,292
"1074",467,362
"1075",467,363
"1076",467,394
"1077",467,403
"1078",467,425
"1079",467,437
"1080",468,60
"1081",469,18
"1082",469,32
"1083",469,229
"1084",469,310
"1085",469,410
"1086",470,10
"1087",470,283
"1088",470,355
"1089",473,77
"1090",473,315
"1091",473,338
"1092",476,267
"1093",476,279
"1094",476,293
"1095",476,352
"1096",477,31
"1097",477,169
"1098",477,202
"1099",477,305
"1100",477,379
"1101",477,400
"1102",477,418
"1103",477,463
"1104",479,105
"1105",479,133
"1106",479,390
"1107",480,45
"1108",480,219
"1109",480,297
"1110",480,333
